Canonical,Alias
Alstermaus,Jane Doe 0815
Damien 44,Damien44
Darkface 46,Darkface 45
itsH4K1,ItsH4K1
Kamikaze82,Kamikaze 82
KingKobra2,KingKobra 2
KingKobra2,King Kobra 2
KingKobra2,KingKobra2
Kinkel27,Kinkel
Kinkel27,Kinkel 27
LittelJoe,LittleJoe
LittelJoe,LittelJoe
LittelJoe,Littel joe
LittelJoe,Littel Joe
lOmsen,IOmsen
Maik1234567890,Maik1234567890
Maik1234567890,Maik Elt
PAvluWKA,PAfluWKA
rompa ru,rompa007
rompa ru,rompa 007
rompa ru,rompa ru
rompa ru,rompa RU96
Schalmei3,Schalme13
x Scorpion x,XSCØRPIØN✗
x Scorpion x,xSCORPIONx
Yusam 83,Yusam83
Zombie 666 80 420,Zombie666 80 420
jаymаcтacjay,jаymаcтacjay
Dark Werwolf,Darkschredder
Dark Werwolf,DarkSchredder
Dark Werwolf,Dark Schredder
